{"wellId": "well_A", "md": [5600.55, 5800.0, 5900.0], "inc": [85.03, 89.91, 90.97], "azim": [27.59, 26.69, 26.72], "surface_latitude": 29.90829444, "surface_longitude": 47.68852083}